"source","target","weight"
"P_1","T_1","49"
"P_1","T_3","147"
"P_1","T_4","35"
"P_1","T_7","108"
"P_1","T_11","108"
"P_1","T_13","140"
"P_1","T_14","23"
"P_1","T_27","100"
"P_2","T_1","55"
"P_2","T_4","35"
"P_1","T_2","181"
"P_1","T_6","94"
"P_1","T_15","114"
"P_1","T_43","19"
"P_3","T_2","163"
"P_4","T_3","134"
"P_4","T_4","34"
"P_5","T_4","40"
"P_5","T_27","112"
"P_6","T_4","31"
"P_6","T_11","116"
"P_5","T_6","93"
"P_8","T_7","101"
"P_9","T_13","126"
"P_10","T_14","23"
"P_2","T_15","111"
"P_6","T_43","19"
"P_1","T_61","3"
"P_1","T_62","3"
"P_1","T_63","3"
"P_1","T_64","3"
"P_1","T_65","3"
"P_1","T_66","3"
"P_1","T_67","3"
"P_1","T_68","3"
"P_1","T_69","3"
"P_1","T_70","3"
"P_1","T_71","3"
"P_1","T_72","3"
"P_1","T_73","3"
"P_1","T_74","3"
"P_13","T_61","1"
"P_14","T_61","2"
"P_15","T_62","2"
"P_16","T_62","1"
"P_17","T_63","2"
"P_18","T_63","1"
"P_19","T_64","2"
"P_20","T_64","1"
"P_21","T_65","2"
"P_22","T_65","1"
"P_23","T_66","2"
"P_24","T_66","1"
"P_25","T_67","2"
"P_26","T_67","1"
"P_27","T_68","2"
"P_28","T_68","1"
"P_29","T_69","2"
"P_30","T_69","1"
"P_31","T_70","2"
"P_32","T_70","1"
"P_33","T_71","2"
"P_34","T_71","1"
"P_35","T_72","2"
"P_36","T_72","1"
"P_37","T_73","2"
"P_38","T_73","1"
"P_39","T_74","2"
"P_40","T_74","1"
"P_1","T_75","3"
"P_1","T_76","3"
"P_1","T_77","3"
"P_1","T_78","3"
"P_1","T_79","3"
"P_1","T_80","3"
"P_1","T_81","3"
"P_1","T_82","3"
"P_1","T_83","3"
"P_1","T_84","3"
"P_1","T_85","3"
"P_1","T_86","3"
"P_1","T_87","3"
"P_1","T_88","3"
"P_1","T_89","3"
"P_1","T_90","3"
"P_1","T_91","3"
"P_1","T_92","3"
"P_1","T_93","3"
"P_1","T_94","3"
"P_1","T_95","3"
"P_1","T_96","3"
"P_1","T_97","3"
"P_1","T_98","3"
"P_1","T_99","3"
"P_41","T_75","2"
"P_41","T_84","2"
"P_41","T_99","2"
"P_42","T_76","1"
"P_43","T_76","1"
"P_44","T_77","2"
"P_45","T_78","2"
"P_46","T_79","2"
"P_47","T_80","2"
"P_48","T_81","2"
"P_49","T_82","2"
"P_50","T_83","3"
"P_51","T_85","2"
"P_52","T_86","2"
"P_53","T_87","2"
"P_54","T_88","2"
"P_54","T_96","2"
"P_54","T_98","2"
"P_55","T_89","2"
"P_56","T_90","2"
"P_57","T_91","2"
"P_58","T_92","2"
"P_59","T_93","2"
"P_60","T_94","2"
"P_61","T_95","2"
"P_62","T_97","2"
