"id","label","group","size","color","layout_x","layout_y","layout_z"
"P_1","Aarav Mehta (me)","me","1235","#FFD54A","0.0000","0.0000","0.0000"
"P_2","Rohan","instagram_user","201","#E1306C","201.5125","-1742.0800","-5020.9463"
"P_3","Dev","discord_user","163","#00E676","115.6031","-5472.6867","-57.3561"
"P_4","Ananya","instagram_user","168","#E1306C","303.1282","-1555.6682","-5188.1664"
"P_5","Kabir","instagram_user","245","#E1306C","432.7114","-1609.6816","-4923.9756"
"P_6","Meera","instagram_user","166","#E1306C","678.2244","-1643.6162","-5135.1468"
"P_8","Priya","instagram_user","101","#E1306C","740.5214","-1512.5784","-5531.0189"
"P_9","Ishaan","instagram_user","126","#E1306C","884.8924","-1996.3211","-5158.7331"
"P_10","Deactivated Instagram account (Mar 2025)","instagram_user","23","#E1306C","-343.9700","-2890.9610","-6304.1002"
"P_13","u/shutterbug_raj","reddit_user","1","#FF4500","-6716.2881","4213.2057","3252.6247"
"P_14","u/pixel_priya","reddit_user","2","#FF4500","-5320.5183","2201.7868","6204.2772"
"P_15","u/server_nerd_99","reddit_user","2","#FF4500","-5654.0763","1519.7897","6415.5592"
"P_16","u/homelab_dev","reddit_user","1","#FF4500","-5110.4198","829.4849","6882.7174"
"P_17","u/namma_bengaluru","reddit_user","2","#FF4500","-4742.0733","4404.3955","5671.6814"
"P_18","u/bengaluru_techie","reddit_user","1","#FF4500","-6288.2185","4179.0384","4338.3574"
"P_19","u/lens_geek","reddit_user","2","#FF4500","-6199.9976","4078.1597","3211.1404"
"P_20","u/street_eye","reddit_user","1","#FF4500","-7226.3863","1210.8133","3360.5140"
"P_21","u/selfhosted_sam","reddit_user","2","#FF4500","-6799.2646","610.4295","4749.3654"
"P_22","u/docker_dude","reddit_user","1","#FF4500","-4702.4172","4990.3481","4476.9180"
"P_23","u/foodie_karthik","reddit_user","2","#FF4500","-6999.1666","3032.9814","3794.4557"
"P_24","u/bengaluru_foodie","reddit_user","1","#FF4500","-6846.7025","128.1145","4730.2645"
"P_25","u/bengaluru_explorer","reddit_user","2","#FF4500","-5396.4349","1422.7941","6663.9362"
"P_26","u/delhite_in_blr","reddit_user","1","#FF4500","-5160.9845","3533.0233","6287.3916"
"P_27","u/digital_minimalist","reddit_user","2","#FF4500","-6944.1393","672.3948","3656.9196"
"P_28","u/fomo_fighter","reddit_user","1","#FF4500","-4705.3750","5067.9898","4345.3986"
"P_29","u/homelab_hero","reddit_user","2","#FF4500","-4004.9715","2066.5364","7058.7847"
"P_30","u/frugal_techie","reddit_user","1","#FF4500","-6250.3712","2025.2598","5841.7224"
"P_31","u/bihari_in_blr","reddit_user","2","#FF4500","-4658.6892","811.7848","6535.1663"
"P_32","u/patna_pride","reddit_user","1","#FF4500","-4866.9649","4540.3672","5238.0170"
"P_33","u/desi_techie","reddit_user","2","#FF4500","-5310.0856","4853.0022","3721.6808"
"P_34","u/harsh_reality","reddit_user","1","#FF4500","-5917.4406","4720.9348","3068.3328"
"P_35","u/himachal_wanderer","reddit_user","2","#FF4500","-4396.6968","3672.3009","6009.2684"
"P_36","u/solo_traveller_me","reddit_user","1","#FF4500","-6673.0711","10.8652","4605.8594"
"P_37","u/pihole_pundit","reddit_user","2","#FF4500","-5492.9455","4827.8700","4532.5928"
"P_38","u/adblock_admirer","reddit_user","1","#FF4500","-3112.3827","3027.1521","7009.8937"
"P_39","u/quiet_builder","reddit_user","2","#FF4500","-7218.9239","1859.2307","4033.9002"
"P_40","u/roommate_rishi","reddit_user","1","#FF4500","-6193.4326","-161.7108","5433.9996"
"P_41","dev_homelab","twitter_user","6","#1DA1F2","457.5022","7884.2691","-462.4323"
"P_42","sysadminguy","twitter_user","1","#1DA1F2","-2319.7102","7790.5706","-1115.6694"
"P_43","pi_lover","twitter_user","1","#1DA1F2","-1425.0246","8819.1697","447.6719"
"P_44","neteng_ram","twitter_user","2","#1DA1F2","-1910.5476","8030.4466","-1336.6800"
"P_45","dev_sarcasm","twitter_user","2","#1DA1F2","2500.0488","7931.4137","-454.5852"
"P_46","home_labber","twitter_user","2","#1DA1F2","-2977.0131","6773.2440","1497.0330"
"P_47","cricket_fan_ravi","twitter_user","2","#1DA1F2","664.7638","8410.7877","-696.6055"
"P_48","student_dev_kunal","twitter_user","2","#1DA1F2","-1078.1215","7473.9442","-2830.2766"
"P_49","thinkpad_fan","twitter_user","2","#1DA1F2","-474.7412","8820.9161","-795.2731"
"P_50","netflix_watcher","twitter_user","3","#1DA1F2","3124.5489","6838.0033","-208.4514"
"P_51","cricket_stats_geek","twitter_user","2","#1DA1F2","-506.1876","7086.3441","3233.0576"
"P_52","poetry_friend_simran","twitter_user","2","#1DA1F2","2153.6335","7308.2481","-2085.2598"
"P_53","patna_boy_kabir","twitter_user","2","#1DA1F2","740.6905","7168.0850","2938.6965"
"P_54","rohan_dev","twitter_user","6","#1DA1F2","-2311.7138","6760.4048","944.2339"
"P_55","network_ninja","twitter_user","2","#1DA1F2","-877.0912","8244.3289","2140.2747"
"P_56","cs_student_sara","twitter_user","2","#1DA1F2","-3147.1417","7011.3403","-504.5951"
"P_57","priya_photos","twitter_user","2","#1DA1F2","-2282.5653","7882.4058","-286.6835"
"P_58","rcb_fan_army","twitter_user","2","#1DA1F2","2298.3903","6843.2837","2128.5515"
"P_59","homelab_hero","twitter_user","2","#1DA1F2","878.6000","8456.0576","-723.4574"
"P_60","k8s_guru","twitter_user","2","#1DA1F2","2501.8469","7125.1758","1396.4018"
"P_61","meera_poetry","twitter_user","2","#1DA1F2","1205.2865","6960.0687","-2810.1291"
"P_62","frustrated_cs","twitter_user","2","#1DA1F2","2569.3261","7731.8809","-567.8651"
"T_1","Rohan","instagram_dm_group","104","#fd5c87","131.9414","-988.4419","-2559.1040"
"T_2","Direct Messages - devoptics","discord_dm_group","344","#1DE9B6","117.2264","-2695.4338","26.0881"
"T_3","Ananya","instagram_dm_group","281","#fd5c87","124.4430","-893.9227","-2427.6254"
"T_4","Goa December crew","instagram_dm_group","175","#fd5c87","310.9507","-1429.9597","-3962.9571"
"T_6","Direct Messages - kabirrr","discord_dm_group","187","#1DE9B6","265.2216","-859.7265","-2407.7915"
"T_7","Priya","instagram_dm_group","209","#fd5c87","469.3051","-809.2037","-2631.0662"
"T_11","Meera","instagram_dm_group","224","#fd5c87","351.5279","-600.7734","-2865.0495"
"T_13","Ishaan","instagram_dm_group","266","#fd5c87","492.0761","-977.7426","-2454.1184"
"T_14","Instagram User","instagram_dm_group","46","#fd5c87","81.9116","-1446.6252","-2852.8435"
"T_15","Direct Messages - rohan.dev","discord_dm_group","225","#1DE9B6","53.5042","-823.0321","-2527.9653"
"T_27","Kabir","instagram_dm_group","212","#fd5c87","153.9235","-843.6420","-2631.8979"
"T_43","Direct Messages - meeraaa","discord_dm_group","38","#1DE9B6","360.7990","-1047.2557","-2353.1100"
"T_61","First DSLR - confused between Canon 200D and ...","reddit_public_thread","6","#c13a00","-2919.1631","1710.3626","2451.7352"
"T_62","Homelab beginner: Raspberry Pi cluster or old...","reddit_public_thread","6","#c13a00","-2688.6432","1161.8354","3143.5696"
"T_63","Bengaluru rains + commute = nightmare. anyone...","reddit_public_thread","6","#c13a00","-2871.3293","2075.9709","2690.2779"
"T_64","Which lens for night street photography under...","reddit_public_thread","6","#c13a00","-3166.2979","1756.1668","1591.6305"
"T_65","Hosting Nextcloud on old laptop - worth it?","reddit_public_thread","6","#c13a00","-3292.2979","969.4573","2516.7034"
"T_66","College canteen vs outside food - what's your...","reddit_public_thread","6","#c13a00","-3400.6949","723.5573","2047.6652"
"T_67","Cousin from Delhi visiting Bengaluru - where ...","reddit_public_thread","6","#c13a00","-2429.5203","1412.0928","3361.3899"
"T_68","Instagram deactivating trend - healthy or fom...","reddit_public_thread","6","#c13a00","-3053.9770","888.5001","1820.6188"
"T_69","Best cheap monitor for homelab server?","reddit_public_thread","6","#c13a00","-2369.2344","1106.6655","3419.1072"
"T_70","Patna food memories - missing litti chokha in...","reddit_public_thread","6","#c13a00","-2436.6510","852.4538","2933.3215"
"T_71","How to convince parents for homelab budget?","reddit_public_thread","6","#c13a00","-2934.3803","2503.5402","1395.9824"
"T_72","McLeod Ganj vs Bir for new year trip?","reddit_public_thread","6","#c13a00","-2628.1459","1293.9465","3000.9073"
"T_73","Pihole blocking too much? Need whitelist sugg...","reddit_public_thread","6","#c13a00","-2338.5170","2271.0343","2616.5293"
"T_74","Roommates and homelab noise - how do you hand...","reddit_public_thread","6","#c13a00","-3555.6556","486.6970","2490.5789"
"T_75","Tweet Thread 2410","twitter_public_thread","5","#0a3d6b","305.0463","3213.5381","223.8336"
"T_76","Tweet Thread 2416","twitter_public_thread","5","#0a3d6b","-753.1927","3403.3864","-93.2194"
"T_77","Tweet Thread 2422","twitter_public_thread","5","#0a3d6b","-792.8577","3511.1260","-340.2151"
"T_78","Tweet Thread 2428","twitter_public_thread","5","#0a3d6b","820.0475","3121.1456","-126.7503"
"T_79","Tweet Thread 2434","twitter_public_thread","5","#0a3d6b","-1098.6405","2550.6128","333.3795"
"T_80","Tweet Thread 2440","twitter_public_thread","5","#0a3d6b","17.0862","3355.0336","-292.1123"
"T_81","Tweet Thread 2446","twitter_public_thread","5","#0a3d6b","-388.1307","2893.4453","-1285.0179"
"T_82","Tweet Thread 2452","twitter_public_thread","5","#0a3d6b","-465.3780","3573.1925","-267.7184"
"T_83","Tweet Thread 2458","twitter_public_thread","6","#0a3d6b","1704.8847","3532.5729","-131.6156"
"T_84","Tweet Thread 2465","twitter_public_thread","5","#0a3d6b","348.6292","3136.9679","-266.0938"
"T_85","Tweet Thread 2471","twitter_public_thread","5","#0a3d6b","-265.6089","2763.6138","1030.5703"
"T_86","Tweet Thread 2477","twitter_public_thread","5","#0a3d6b","880.6172","2953.9323","-878.5135"
"T_87","Tweet Thread 2483","twitter_public_thread","5","#0a3d6b","209.9344","2912.2051","1383.1407"
"T_88","Tweet Thread 2489","twitter_public_thread","5","#0a3d6b","-920.3667","2646.8522","310.9216"
"T_89","Tweet Thread 2495","twitter_public_thread","5","#0a3d6b","-360.0358","3130.9379","839.5909"
"T_90","Tweet Thread 2501","twitter_public_thread","5","#0a3d6b","-1251.5255","3025.5756","-88.7859"
"T_91","Tweet Thread 2507","twitter_public_thread","5","#0a3d6b","-781.7484","3062.4482","-29.6218"
"T_92","Tweet Thread 2513","twitter_public_thread","5","#0a3d6b","785.6303","2773.9274","900.5665"
"T_93","Tweet Thread 2519","twitter_public_thread","5","#0a3d6b","250.6937","3645.2461","-214.8004"
"T_94","Tweet Thread 2525","twitter_public_thread","5","#0a3d6b","773.3335","2916.1456","509.8688"
"T_95","Tweet Thread 2531","twitter_public_thread","5","#0a3d6b","482.2776","2839.1878","-1077.8010"
"T_96","Tweet Thread 2537","twitter_public_thread","5","#0a3d6b","-1154.8973","2573.3924","464.9196"
"T_97","Tweet Thread 2543","twitter_public_thread","5","#0a3d6b","1192.1287","3333.2027","0.6719"
"T_98","Tweet Thread 2549","twitter_public_thread","5","#0a3d6b","-1156.7471","2791.0333","161.3523"
"T_99","Tweet Thread 2555","twitter_public_thread","5","#0a3d6b","381.0781","3184.8075","-325.0569"
